{"1": {"action": [-0.5121610146700001, 0.6197303330256794], "state": {"0": [857.099155499517, 418.25964296589353], "2": [250.0, 80.0], "1": [874.7312783071507, 97.14314937812807], "3": [750.0, 420.0], "white": [857.099155499517, 418.25964296589353]}}, "2": {"action": [0.0034223228502087808, 0.7580518029745016], "state": {"0": [567.1360442301487, 319.0279152036794], "2": [250.0, 80.0], "3": [750.0, 420.0], "white": [567.1360442301487, 319.0279152036794]}}, "3": {"action": [0.28495276153710175, 0.650065829534273], "state": {"0": [288.82514343393825, 266.3978101302931], "2": [268.1852991614562, 158.87141702121545], "3": [750.0, 420.0], "white": [288.82514343393825, 266.3978101302931]}}, "4": {"action": [-0.005674148019560057, 0.2985144056991491], "state": {"0": [405.21668411874674, 195.46649736514917], "2": [158.28220341184718, 99.44652726242725], "3": [750.0, 420.0], "white": [405.21668411874674, 195.46649736514917]}}, "5": {"action": [0.38512026075032335, 0.6668221868432579], "state": {"0": [143.50931090253923, 112.39881777064352], "3": [750.0, 420.0], "white": [143.50931090253923, 112.39881777064352]}}, "6": {"action": [-0.6528008047378554, 0.7608271110933288], "state": {"0": [731.5043499306001, 303.6791933595103], "3": [806.6910373994278, 393.3021528450027], "white": [731.5043499306001, 303.6791933595103]}}}