{"1": {"action": [-0.5559120229266666, 0.7881266822642071], "state": {"0": [609.0822161782486, 310.7865714150914], "2": [250.0, 80.0], "3": [770.0, 420.0], "4": [877.7125250049265, 366.77352035296514], "1": [500.0, 250.0], "white": [609.0822161782486, 310.7865714150914]}}, "2": {"action": [-0.5465288965714422, 0.41448253072992697], "state": {"0": [852.0811481668044, 234.09840521086784], "2": [250.0, 80.0], "3": [770.0, 420.0], "1": [500.0, 250.0], "white": [852.0811481668044, 234.09840521086784]}}, "3": {"action": [0.5369917374010865, 0.4369988701626826], "state": {"0": [339.87101510714325, 382.3595958411715], "2": [250.0, 80.0], "3": [770.0, 420.0], "1": [445.87498749352136, 168.38796203679433], "white": [339.87101510714325, 382.3595958411715]}}, "4": {"action": [-0.14870206270869088, 0.4108226690906151], "state": {"0": [436.6237768759691, 177.34803395293244], "2": [250.0, 80.0], "3": [770.0, 420.0], "white": [436.6237768759691, 177.34803395293244]}}, "5": {"action": [-0.7087053729462408, 0.646547107812208], "state": {"0": [739.4973061137998, 374.1227301163928], "2": [250.0, 80.0], "3": [716.8116215580615, 243.90955497143602], "white": [739.4973061137998, 374.1227301163928]}}, "6": {"action": [0.012193304888813379, 0.44683956135498737], "state": {"0": [909.2177795595104, 198.99044784116242], "2": [250.0, 80.0], "3": [499.40448503045934, 92.70956030935508], "white": [909.2177795595104, 198.99044784116242]}}, "7": {"action": [0.43786673245108726, 0.47719391065894595], "state": {"0": [324.12572905684357, 168.71310198229233], "2": [250.0, 80.0], "white": [324.12572905684357, 168.71310198229233]}}, "8": {"action": [0.16914118300958025, 0.33904418589347574], "state": {"0": [317.29165183300944, 296.6050441877586], "2": [108.12994682681615, 112.41749068601516], "white": [317.29165183300944, 296.6050441877586]}}}