{"1": {"action": [0.26588432099292925, 0.3353326931912147], "state": {"0": [81.78132328865323, 101.94325353685957], "2": [920.0, 420.0], "1": [920.0, 80.0], "white": [81.78132328865323, 101.94325353685957]}}, "2": {"action": [-0.4983998642750978, 0.9569570469346488], "state": {"0": [903.5355760907128, 194.9785077022414], "2": [920.0, 420.0], "white": [903.5355760907128, 194.9785077022414]}}}