{"1": {"action": [-0.5581451117590044, 0.36552691946001714], "state": {"0": [697.232300453561, 412.8706819784264], "1": [434.14869651282623, 177.30812459036144], "4": [300.0, 400.0], "3": [900.0, 300.0], "2": [80.0, 200.0], "white": [697.232300453561, 412.8706819784264]}}, "2": {"action": [0.28976858082585755, 0.6986984187727586], "state": {"0": [226.6446006717079, 171.6463440811236], "4": [300.0, 400.0], "3": [900.0, 300.0], "2": [80.0, 200.0], "white": [226.6446006717079, 171.6463440811236]}}, "3": {"action": [-0.9302829372341369, 0.5345930129548221], "state": {"0": [144.9304982910723, 131.06938580663814], "4": [542.9688788077267, 354.89438813480336], "3": [900.0, 300.0], "2": [80.0, 200.0], "white": [144.9304982910723, 131.06938580663814]}}, "4": {"action": [-0.6455225364153195, 0.8008610262318743], "state": {"0": [746.0593765242535, 409.7113683799423], "3": [900.0, 300.0], "2": [80.0, 200.0], "white": [746.0593765242535, 409.7113683799423]}}, "5": {"action": [-0.2634669450835927, 0.5252213631252568], "state": {"0": [706.553385321233, 256.5965294969173], "3": [863.5674324720526, 359.7681762210981], "2": [80.0, 200.0], "white": [706.553385321233, 256.5965294969173]}}, "6": {"action": [-0.6741694708721089, 0.5746078355002615], "state": {"0": [875.0801688375559, 258.2362198415845], "2": [80.0, 200.0], "white": [875.0801688375559, 258.2362198415845]}}, "7": {"action": [0.48637627540888023, 0.8285850302222904], "state": {"0": [341.20556426849953, 252.93394144943568], "2": [80.0, 200.0], "white": [341.20556426849953, 252.93394144943568]}}, "8": {"action": [0.4646009428036484, 0.6177349182387193], "state": {"0": [554.0121558090157, 240.91850360854252], "2": [78.25863426173184, 132.13808921827783], "white": [554.0121558090157, 240.91850360854252]}}}