{"1": {"action": [-0.5027761108560403, 0.7881266822642071], "state": {"0": [726.7572837788098, 367.9594285599928], "1": [200.0, 250.0], "2": [750.5023600631266, 415.42180349063256], "white": [726.7572837788098, 367.9594285599928]}}, "2": {"action": [0.9931919552586215, 0.27255016243967006], "state": {"0": [646.9736713581578, 182.20688574216632], "1": [200.0, 250.0], "2": [818.6940047970397, 410.36876108939276], "white": [646.9736713581578, 182.20688574216632]}}, "3": {"action": [-0.8114299204642937, 0.4549072081164311], "state": {"0": [742.9408458229244, 282.82859589181925], "1": [200.0, 250.0], "2": [803.3832194346764, 349.9477957334001], "white": [742.9408458229244, 282.82859589181925]}}, "4": {"action": [-0.7938143046312451, 0.3045503651487779], "state": {"0": [741.8904257870691, 418.0140914754919], "1": [200.0, 250.0], "2": [936.6014056187731, 440.7952457462841], "white": [741.8904257870691, 418.0140914754919]}}, "5": {"action": [-0.5123341419959404, 0.241428196962828], "state": {"0": [926.6305444241854, 433.1883834969135], "1": [200.0, 250.0], "white": [926.6305444241854, 433.1883834969135]}}, "6": {"action": [0.42823949945618456, 