{"1": {"action": [-0.5027761108560403, 0.7881266822642071], "state": {"0": [707.3460014234889, 334.36243621596054], "1": [780.9951212570671, 312.2027710195424], "2": [914.0449117760902, 355.7762941849905], "3": [686.6862494865169, 152.14731021501595], "white": [707.3460014234889, 334.36243621596054]}}, "2": {"action": [-0.0017720067887015023, 0.39136715703843494], "state": {"0": [836.9654897067911, 250.5417959970968], "1": [780.9951212570671, 312.2027710195424], "2": [914.0449117760902, 355.7762941849905], "3": [567.1196555882464, 94.46771433164811], "white": [836.9654897067911, 250.5417959970968]}}, "3": {"action": [0.3374686445517509, 0.4318837999152987], "state": {"0": [546.19552512351, 136.84202204062197], "1": [780.9951212570671, 312.2027710195424], "2": [914.0449117760902, 355.7762941849905], "3": [368.3734686500842, 206.0335576944616], "white": [546.19552512351, 136.84202204062197]}}, "4": {"action": [0.6371533974376645, 0.23030319775644895], "state": {"0": [387.8805026168645, 259.8174253896532], "1": [780.9951212570671, 312.2027710195424], "2": [914.0449117760902, 355.7762941849905], "3": [262.68121463827157, 203.03873696602105], "white": [387.8805026168645, 259.8174253896532]}}, "5": {"action": [0.3680578017498343, 0.8077795324594829], "state": {"0": [263.10291584110615, 107.94228832085753], "1": [780.9951212570671, 312.2027710195424], "2": [914.0449117760902, 355.7762941849905], "3": [651.5321622642714, 231.8776850734308], "white": [263.10291584110615, 107.94228832085753]}}, "6": {"action": [-0.6087749991817224, 0.4431761306258284], "state": {"0": [674.6872116936825, 350.7439959235401], "1": [780.9951212570671, 312.2027710195424], "2": [914.0449117760902, 355.7762941849905], "3": [783.7405567565354, 185.5118243625267], "white": [674.6872116936825, 350.7439959235401]}}, "7": {"action": [-0.17218819099149577, 0.4585426519166114], "state": {"0": [679.7642886174016, 108.26461090696745], "1": [780.9951212570671, 312.2027710195424], "2": [914.0449117760902, 355.7762941849905], "white": [679.7642886174016, 108.26461090696745]}}, "8": {"action": [-0.7502412240894832, 0.4888282132441724], "state": {"0": [808.5626556290862, 316.68028937275176], "1": [747.2157104198643, 306.75524577106273], "white": [808.5626556290862, 316.68028937275176]}}, "9": {"action": [0.4068219894927383, 0.28502542873741976], "state": {"0": [757.06451710206, 204.49612100110693], "1": [450.0816593314683, 313.41900858051093], "white": [757.06451710206, 204.49612100110693]}}, "10": {"action": [0.5839321460143949, 0.39395898771138327], "state": {"0": [275.72465921412424, 260.1648161659007], "1": [436.78799919840003, 390.1685619975704], "white": [275.72465921412424, 260.1648161659007]}}}