{"1": {"action": [-0.6099670962902224, 0.7881266822642071], "state": {"0": [741.4524050925222, 388.93128942653016], "2": [250.0, 80.0], "1": [750.0, 250.0], "3": [629.1874992183475, 301.7857878716259], "white": [741.4524050925222, 388.93128942653016]}}, "2": {"action": [0.23380241717250397, 0.27358077143934256], "state": {"0": [563.6788363234317, 102.27230681903323], "2": [250.0, 80.0], "1": [750.0, 250.0], "3": [576.4366446799465, 325.98665980195085], "white": [563.6788363234317, 102.27230681903323]}}, "3": {"action": [-0.9603934472534227, 0.3949469596966562], "state": {"0": [752.5908707821638, 412.11848887872816], "2": [250.0, 80.0], "1": [750.0, 250.0], "white": [752.5908707821638, 412.11848887872816]}}, "4": {"action": [0.04472563016520187, 0.46306225294695685], "state": {"0": [481.56241580977894, 61.598623775506915], "2": [250.0, 80.0], "1": [908.4202884775419, 145.7661472499471], "white": [481.56241580977894, 61.598623775506915]}}, "5": {"action": [-0.5800396921205746, 0.5205705011220231], "state": {"0": [784.3845429431308, 313.84153785125727], "2": [250.0, 80.0], "1": [874.5803089800771, 88.93919611963206], "white": [784.3845429431308, 313.84153785125727]}}, "6": {"action": [-0.0990845384496034, 0.35360347368168965], "state": {"0": [779.2707529983969, 162.67437900887444], "2": [250.0, 80.0], "1": [833.7708177515125, 157.62289919702127], "white": [779.2707529983969, 162.67437900887444]}}, "7": {"action": [-0.6032643140151633, 0.2374249060144253], "state": {"0": [897.0720710299906, 344.1710479850958], "2": [250.0, 80.0], "1": [941.6151389468922, 68.35508644525493], "white": [897.0720710299906, 344.1710479850958]}}, "8": {"action": [-0.03835158049039612, 0.33762197732211624], "state": {"0": [922.6165101703951, 75.58700270404813], "2": [250.0, 80.0], "white": [922.6165101703951, 75.58700270404813]}}, "9": {"action": [0.496574257202833, 0.8753206271864452], "state": {"0": [217.10829727680405, 230.2392970151779], "2": [320.874281624033, 169.5598065874738], "white": [217.10829727680405, 230.2392970151779]}}, "10": {"action": [-0.27033392508888265, 0.8452287854079753], "state": {"0": [585.1237009116753, 364.73064527539685], "2": [803.5987629611078, 183.8531811527633], "white": [585.1237009116753, 364.73064527539685]}}}