{"1": {"action": [-0.5121610146700001, 0.6197303330256794], "state": {"0": [792.4550812986937, 354.24547218056864], "3": [750.0, 420.0], "4": [900.0, 380.0], "2": [250.0, 80.0], "1": [763.9096377913635, 194.26969516000483], "white": [792.4550812986937, 354.24547218056864]}}, "2": {"action": [0.10285165167781041, 0.39442066984724167], "state": {"0": [529.8745291528869, 191.76077428059816], "3": [750.0, 420.0], "4": [900.0, 380.0], "2": [250.0, 80.0], "1": [855.0335776604727, 118.07802201052971], "white": [529.8745291528869, 191.76077428059816]}}, "3": {"action": [-0.43952443032540256, 0.7181942683434197], "state": {"0": [653.8217197476789, 371.4783373522439], "3": [750.0, 420.0], "4": [900.0, 380.0], "2": [250.0, 80.0], "1": [775.3335960988018, 341.95502704609936], "white": [653.8217197476789, 371.4783373522439]}}, "4": {"action": [-0.3707997036879862, 0.36327768702715013], "state": {"0": [910.4685414087122, 81.69348912453223], "3": [750.0, 420.0], "4": [900.0, 380.0], "2": [250.0, 80.0], "1": [919.3500345375058, 402.85336307271245], "white": [910.4685414087122, 81.69348912453223]}}, "5": {"action": [0.9939384678765021, 0.8208293652699069], "state": {"0": [827.1115040832021, 356.56770855560563], "3": [750.0, 420.0], "4": [655.2553302467289, 296.67174506192663], "2": [250.0, 80.0], "1": [846.9509713066765, 419.08896946885915], "white": [827.1115040832021, 356.56770855560563]}}, "6": {"action": [0.9772826012651787, 0.3529998406313218], "state": {"0": [681.081891832512, 116.66447402285948], "3": [750.0, 420.0], "4": [655.2553302467289, 296.67174506192663], "2": [250.0, 80.0], "1": [890.1451572662479, 383.8179892532939], "white": [681.081891832512, 116.66447402285948]}}, "7": {"action": [-0.7906294329445996, 0.7664658040142478], "state": {"0": [879.6574195893546, 397.8056989847874], "3": [750.0, 420.0], "4": [655.2553302467289, 296.67174506192663], "2": [250.0, 80.0], "white": [879.6574195893546, 397.8056989847874]}}, "8": {"action": [0.5358791224748658, 0.3809327884952484], "state": {"0": [714.5825264697733, 319.84129302626417], "3": [424.7083928293089, 300.9683938491195], "4": [655.2553302467289, 296.67174506192663], "2": [250.0, 80.0], "white": [714.5825264697733, 319.84129302626417]}}, "9": {"action": [0.4561842288148377, 0.6227737406910746], "state": {"0": [618.1791450805882, 151.7775639363178], "3": [424.7083928293089, 300.9683938491195], "2": [250.0, 80.0], "white": [618.1791450805882, 151.7775639363178]}}, "10": {"action": [0.6764094977328836, 0.5813277814275275], "state": {"0": [209.85623654014586, 415.175260824051], "3": [468.8911025823248, 427.29128851604486], "2": [250.0, 80.0], "white": [209.85623654014586, 415.175260824051]}}, "11": {"action": [-0.4919092172602285, 0.8517364463983432], "state": {"0": [790.6307800740759, 148.69364610819613], "2": [250.0, 80.0], "white": [790.6307800740759, 148.69364610819613]}}, "12": {"action": [0.4607240622261576, 0.7182540767671817], "state": {"0": [248.52153719206908, 108.04352325768323], "2": [277.7499073028495, 145.24760723712504], "white": [248.52153719206908, 108.04352325768323]}}, "13": {"action": [-0.957452781653291, 0.16135215135164097], "state": {"0": [199.15349538366758, 273.19798715117423], "2": [350.7105841943888, 175.4660998650603], "white": [199.15349538366758, 273.19798715117423]}}}