{"1": {"action": [-0.5341479203313704, 0.527027027027027], "state": {"0": [853.2606886061936, 369.8842494672781], "3": [750.0, 300.0], "1": [601.8163306623549, 83.46369498146882], "5": [100.0, 200.0], "4": [900.0, 380.0], "2": [900.0, 250.0], "white": [853.2606886061936, 369.8842494672781]}}, "2": {"action": [0.2196613214002007, 0.7749144713776895], "state": {"0": [719.4191247588182, 327.73185930493196], "3": [750.0, 300.0], "1": [81.80129775427018, 263.71408770183365], "5": [100.0, 200.0], "4": [900.0, 380.0], "2": [900.0, 250.0], "white": [719.4191247588182, 327.73185930493196]}}, "3": {"action": [0.4556585244167204, 0.7615152209701502], "state": {"0": [390.5514343630429, 186.99577040612908], "3": [750.0, 300.0], "1": [78.7257103254817, 284.92015658817195], "5": [96.80972039907373, 176.1117015253556], "4": [900.0, 380.0], "2": [900.0, 250.0], "white": [390.5514343630429, 186.99577040612908]}}, "4": {"action": [0.5747671276005211, 0.6457355390632321], "state": {"0": [526.0982454185499, 252.76650248204282], "3": [750.0, 300.0], "1": [79.78402082912346, 405.87295087109635], "5": [96.80972039907373, 176.1117015253556], "4": [900.0, 380.0], "2": [900.0, 250.0], "white": [526.0982454185499, 252.76650248204282]}}, "5": {"action": [0.5950596556399852, 0.8753754435129937], "state": {"0": [640.7173065647397, 339.44149681153186], "3": [750.0, 300.0], "5": [96.80972039907373, 176.1117015253556], "4": [900.0, 380.0], "2": [900.0, 250.0], "white": [640.7173065647397, 339.44149681153186]}}, "6": {"action": [-0.3249253711287467, 0.3055902933493827], "state": {"0": [831.2859082022997, 83.8294278267895], "3": [884.1699157592296, 357.1594887588465], "5": [96.80972039907373, 176.1117015253556], "4": [907.3426798784532, 388.3824183986509], "2": [900.0, 250.0], "white": [831.2859082022997, 83.8294278267895]}}, "7": {"action": [-0.9526419318726972, 0.6854186402557437], "state": {"0": [812.0314042524955, 316.90009091356364], "3": [701.4608658210615, 396.03320135479174], "5": [96.80972039907373, 176.1117015253556], "2": [900.0, 250.0], "white": [812.0314042524955, 316.90009091356364]}}, "8": {"action": [0.7197918856734562, 0.3914586073355748], "state": {"0": [753.4952281723367, 336.43137721807574], "3": [365.7081360318327, 342.13785966624243], "5": [96.80972039907373, 176.1117015253556], "2": [900.0, 250.0], "white": [753.4952281723367, 336.43137721807574]}}, "9": {"action": [0.4914588026114317, 0.6845971869695598], "state": {"0": [69.4976068439192, 65.20917303907588], "3": [145.02461056255572, 279.0948098681211], "5": [96.80972039907373, 176.1117015253556], "2": [900.0, 250.0], "white": [69.4976068439192, 65.20917303907588]}}, "10": {"action": [-0.8630147475142491, 0.5202375916687721], "state": {"0": [502.0558328922833, 338.44130322683793], "3": [218.01872571603144, 349.8543966720329], "5": [120.55620245782154, 270.33345447997164], "2": [900.0, 250.0], "white": [502.0558328922833, 338.44130322683793]}}, "11": {"action": [0.4977623201271692, 0.5758982696041923], "state": {"0": [126.19400475512498, 99.07300318790674], "3": [202.24418952381484, 285.1487809814859], "5": [120.55620245782154, 270.33345447997164], "2": [900.0, 250.0], "white": [126.19400475512498, 99.07300318790674]}}, "12": {"action": [-0.8384723622035676, 0.4573285802551996], "state": {"0": [514.5804856764726, 425.1845811458635], "3": [102.71231516347285, 369.2375552207975], "5": [120.55620245782154, 270.33345447997164], "2": [900.0, 250.0], "white": [514.5804856764726, 425.1845811458635]}}}