{"1": {"action": [-0.5341479203313704, 0.527027027027027], "state": {"0": [879.719669827708, 378.9379799068128], "1": [574.1839859214797, 108.31138409926159], "3": [100.0, 200.0], "4": [800.0, 380.0], "2": [920.0, 200.0], "white": [879.719669827708, 378.9379799068128]}}, "2": {"action": [0.2696672928801921, 0.8018764126051972], "state": {"0": [375.89692992968327, 215.98199810136228], "1": [268.67647390242314, 331.12874388408403], "3": [100.0, 200.0], "4": [800.0, 380.0], "2": [920.0, 200.0], "white": [375.89692992968327, 215.98199810136228]}}, "3": {"action": [0.779551712051793, 0.3747670517604925], "state": {"0": [337.23102322485016, 397.76045385940074], "3": [100.0, 200.0], "4": [800.0, 380.0], "2": [920.0, 200.0], "white": [337.23102322485016, 397.76045385940074]}}, "4": {"action": [0.29261560383675106, 0.6437988551999411], "state": {"0": [451.4617467634734, 201.02257112894034], "3": [102.39953309657083, 241.80240908130443], "4": [800.0, 380.0], "2": [920.0, 200.0], "white": [451.4617467634734, 201.02257112894034]}}, "5": {"action": [0.559719516909394, 0.6245914638209213], "state": {"0": [368.39096949093397, 343.3233125215851], "3": [151.16076363502384, 87.9468084285111], "4": [800.0, 380.0], "2": [920.0, 200.0], "white": [368.39096949093397, 343.3233125215851]}}, "6": {"action": [0.21300846634764403, 0.7347090723646676], "state": {"0": [271.5881137507559, 304.4415213187529], "4": [800.0, 380.0], "2": [920.0, 200.0], "white": [271.5881137507559, 304.4415213187529]}}, "7": {"action": [-0.5402366669122216, 0.7489933490528242], "state": {"0": [881.2470020139513, 227.18107799251626], "4": [780.580640158907, 245.37281641916286], "2": [917.3726389562702, 152.18362555082052], "white": [881.2470020139513, 227.18107799251626]}}, "8": {"action": [0.5977209809096059, 0.2727886395688005], "state": {"0": [758.6644315393579, 380.7305566511785], "4": [570.5613221323486, 192.2100998222434], "2": [917.3726389562702, 152.18362555082052], "white": [758.6644315393579, 380.7305566511785]}}, "9": {"action": [0.26098443302935365, 0.6135071330402595], "state": {"0": [361.533931003094, 273.53073932164097], "2": [917.3726389562702, 152.18362555082052], "white": [361.533931003094, 273.53073932164097]}}, "10": {"action": [-0.44367743568416285, 0.8258056697215277], "state": {"0": [455.04299476812065, 103.93821276741065], "2": [917.3726389562702, 152.18362555082052], "white": [455.04299476812065, 103.93821276741065]}}, "11": {"action": [-0.5499958985803423, 0.794802927512489], "state": {"0": [421.2849683533731, 290.4812421274596], "2": [917.3726389562702, 152.18362555082052], "white": [421.2849683533731, 290.4812421274596]}}, "12": {"action": [-0.4263669404601217, 0.8110128234535702], "state": {"0": [713.4314674470236, 373.39679155697587], "2": [653.0485751159364, 318.452323431311], "white": [713.4314674470236, 373.39679155697587]}}, "13": {"action": [0.16759723798237988, 0.2814092641992183], "state": {"0": [646.4650450175849, 102.04314106615985], "2": [540.0671946771213, 329.9837493978292], "white": [646.4650450175849, 102.04314106615985]}}}